Time [ms],Altitude [m],Latitude [°],Longitude [°],State[x]
57.0,291.0,49.237833,4.333333,4
117.0,291.0,49.237833,4.333333,4
175.0,290.0,49.237833,4.333333,4
231.0,291.0,49.237833,4.333333,4
294.0,291.0,49.237833,4.333333,4
357.0,291.0,49.237833,4.333333,4
429.0,290.0,49.237833,4.333333,4
479.0,290.0,49.237833,2.05,4
545.0,290.0,49.237833,2.05,4
608.0,290.0,49.237833,2.05,4
672.0,290.0,49.237833,2.05,4
722.0,290.0,49.237833,2.05,4
776.0,290.0,49.237833,2.05,4
826.0,290.0,49.237833,2.05,4
890.0,290.0,49.237833,2.05,4
953.0,291.0,49.237833,2.05,4
1016.0,291.0,49.237833,2.05,4
1079.0,290.0,49.237833,16.555667,4
1142.0,290.0,49.237833,16.555667,4
1206.0,290.0,49.237833,16.555667,4
1269.0,290.0,49.237833,16.555667,4
1327.0,290.0,49.237833,16.555667,4
1394.0,290.0,49.237833,16.555667,4
1457.0,290.0,49.237833,16.555667,4
1521.0,290.0,49.237833,16.555667,4
1585.0,290.0,49.237833,16.555667,4
1651.0,290.0,49.237833,16.555667,4
1706.0,290.0,49.237833,16.555667,4
1784.0,290.0,49.237833,16.555667,4
1848.0,290.0,49.237833,16.555667,4
1927.0,290.0,49.237833,16.555667,4
1997.0,290.0,49.237833,16.555667,4
2060.0,290.0,49.237833,16.555667,4
2126.0,290.0,49.237833,16.555667,4
2190.0,291.0,49.237833,16.555667,4
2253.0,291.0,49.237833,16.555667,4
2316.0,290.0,49.237833,0.0,4
2389.0,290.0,49.237833,0.0,4
2452.0,290.0,49.237833,0.0,4
2517.0,290.0,49.237833,0.0,4
2580.0,290.0,49.237833,0.0,4
2638.0,291.0,49.237833,0.0,4
2701.0,290.0,49.237833,0.0,4
2764.0,291.0,49.237833,16.555667,4
2837.0,291.0,49.237833,16.555667,4
2895.0,291.0,49.237833,16.555667,4
2967.0,291.0,49.237833,16.555667,4
3044.0,290.0,49.237833,16.555667,4
3107.0,290.0,49.237833,16.555667,4
3170.0,290.0,49.237833,16.555667,4
3234.0,290.0,49.237833,16.555667,4
3297.0,290.0,49.237833,16.555667,4
3376.0,290.0,49.237833,16.555667,4
3452.0,290.0,49.237833,16.555667,4
3528.0,290.0,49.237833,16.555667,4
3586.0,290.0,49.237833,16.555667,4
3656.0,290.0,49.237833,16.555667,4
3721.0,290.0,49.237833,16.555667,4
3784.0,290.0,49.237833,16.555667,4
3850.0,290.0,49.237833,16.555667,4
3915.0,290.0,49.237833,16.555667,4
3984.0,290.0,49.237833,16.555667,4
4048.0,290.0,49.237833,16.555667,4
4129.0,290.0,49.237833,16.555667,4
4193.0,290.0,49.237833,16.555667,4
4253.0,290.0,49.237833,16.555667,4
4326.0,290.0,49.237833,0.0,4
4382.0,290.0,49.237833,0.0,4
4445.0,290.0,49.237833,0.0,4
4504.0,290.0,49.237833,0.0,4
4568.0,290.0,49.237833,0.0,4
4631.0,290.0,49.237833,0.0,4
4694.0,290.0,49.237833,16.555667,4
4759.0,290.0,49.237833,16.555667,4
4817.0,290.0,49.237833,16.555667,4
4877.0,290.0,49.237833,16.555667,4
4951.0,290.0,49.237833,16.555667,4
5009.0,290.0,49.237833,16.555667,4
5072.0,290.0,49.237833,16.555667,4
5135.0,290.0,49.237833,16.555667,4
5198.0,290.0,49.237833,16.555667,4
5266.0,290.0,49.237833,16.555667,4
5329.0,290.0,49.237833,16.555667,4
5392.0,290.0,49.237833,16.555667,4
5464.0,290.0,49.237833,16.555667,4
5514.0,290.0,49.237833,16.555667,4
5570.0,290.0,49.237833,16.555667,4
5635.0,290.0,49.237833,16.555667,4
5700.0,290.0,49.237833,16.555667,4
5763.0,290.0,49.237833,16.555667,4
5828.0,290.0,49.237833,16.555667,4
5891.0,290.0,49.237833,16.555667,4
5945.0,290.0,49.237833,16.555667,4
6013.0,290.0,49.237833,16.555667,4
6087.0,290.0,49.237833,16.555667,4
6158.0,290.0,49.237833,0.0,4
6224.0,290.0,49.237833,0.0,4
6287.0,290.0,49.237833,0.0,4
6350.0,290.0,49.237833,0.0,4
6415.0,290.0,49.237833,0.0,4
6487.0,290.0,49.237833,0.0,4
6553.0,290.0,49.237833,0.55,4
6632.0,290.0,49.237833,0.55,4
6704.0,290.0,49.237833,0.55,4
6768.0,290.0,49.237833,0.55,4
6845.0,290.0,49.237833,0.55,4
6908.0,290.0,49.237833,0.55,4
6968.0,290.0,49.237833,0.55,4
7030.0,290.0,49.237833,0.55,4
7100.0,290.0,49.237833,0.55,4
7177.0,290.0,49.237833,0.55,4
7247.0,290.0,49.237833,0.55,4
7325.0,290.0,49.237833,0.55,4
7397.0,290.0,49.237833,0.55,4
7461.0,290.0,49.237833,16.555667,4
7511.0,290.0,49.237833,16.555667,4
7574.0,290.0,49.237833,16.555667,4
7650.0,290.0,49.237833,16.555667,4
7714.0,290.0,49.237833,16.555667,4
7777.0,290.0,49.237833,16.555667,4
7849.0,290.0,49.237833,16.555667,4
7907.0,290.0,49.237833,16.555667,4
7965.0,290.0,49.237833,16.555667,4
8026.999999999999,290.0,49.237833,16.555667,4
8105.0,290.0,49.237833,16.555667,4
8169.000000000001,290.0,49.237833,16.555667,4
8232.0,290.0,49.237833,16.555667,4
8304.0,290.0,49.237833,16.555667,4
8367.0,290.0,49.237833,16.555667,4
8431.0,290.0,49.237833,16.555667,4
8486.0,290.0,49.237833,16.555667,4
8564.0,290.0,49.237833,16.555667,4
8627.0,290.0,49.237833,16.555667,4
8677.0,290.0,49.237833,16.555667,4
8741.0,290.0,49.237833,16.555667,4
8804.0,290.0,49.237833,16.555667,4
8867.0,290.0,49.237833,16.555667,4
8937.0,290.0,49.237833,16.555667,4
9010.0,290.0,49.237833,16.555667,4
9073.0,290.0,49.237833,16.555667,4
9136.0,290.0,49.237833,16.555667,4
9194.0,290.0,49.237833,16.555667,4
9257.0,290.0,49.237833,16.555667,4
9322.0,290.0,49.237833,16.555667,4
9385.0,290.0,49.237833,0.016667,4
9451.0,290.0,49.237833,0.016667,4
9514.0,290.0,49.237833,0.016667,4
9572.0,290.0,49.237833,0.016667,4
9646.0,290.0,49.237833,0.016667,4
9714.0,290.0,49.237833,0.016667,4
9780.0,290.0,49.237833,0.016667,4
9830.0,290.0,49.237833,0.016667,4
9894.0,290.0,49.237833,0.016667,4
9959.0,290.0,49.237833,0.0,4
10033.0,290.0,49.237833,0.0,4
10107.0,290.0,49.237833,0.0,4
10170.0,290.0,49.237833,0.0,4
10233.0,290.0,49.237833,0.0,4
10312.0,290.0,49.237833,0.0,4
10376.0,290.0,49.237833,0.0,4
10439.0,290.0,49.237833,16.555667,4
10503.0,290.0,49.237833,16.555667,4
10572.0,290.0,49.237833,16.555667,4
10635.0,290.0,49.237833,16.555667,4
10690.0,290.0,49.237833,16.555667,4
10753.0,290.0,49.237833,16.555667,4
10817.0,290.0,49.237833,0.0,4
10896.0,290.0,49.237833,0.0,4
10959.0,290.0,49.237833,0.0,4
11022.0,290.0,49.237833,0.0,4
11094.0,290.0,49.237833,0.0,4
11159.0,290.0,49.237833,0.0,4
11223.0,290.0,49.237833,16.555667,4
11278.0,290.0,49.237833,16.555667,4
11346.0,290.0,49.237833,16.555667,4
11411.0,290.0,49.237833,16.555667,4
11488.0,290.0,49.237833,16.555667,4
11553.0,290.0,49.237833,16.555667,4
11616.0,290.0,49.237833,16.555667,4
11679.0,290.0,49.237833,16.555667,4
11744.0,290.0,49.237833,16.555667,4
11798.0,290.0,49.237833,16.555667,4
11863.0,290.0,49.237833,16.555667,4
11931.0,290.0,49.237833,16.555667,4
11994.0,290.0,49.237833,0.0,4
12057.0,290.0,49.237833,0.0,4
12121.0,290.0,49.237833,0.0,4
12172.0,290.0,49.237833,0.0,4
12235.0,290.0,49.237833,0.0,4
12290.0,290.0,49.237833,0.0,4
12353.0,290.0,49.237833,0.266667,4
12418.0,290.0,49.237833,0.266667,4
12482.0,290.0,49.237833,0.266667,4
12545.0,290.0,49.237833,0.266667,4
12608.0,290.0,49.237833,0.266667,4
12672.0,290.0,49.237833,0.266667,4
12736.0,290.0,49.237833,0.266667,4
12802.0,290.0,49.237833,0.0,4
12867.0,290.0,49.237833,0.0,4
12923.0,290.0,49.237833,0.0,4
12986.0,290.0,49.237833,0.0,4
13051.0,290.0,49.237833,0.0,4
13114.0,290.0,49.237833,0.0,4
13179.0,290.0,49.237833,0.0,4
13253.0,290.0,49.237833,0.0,4
13321.0,290.0,49.237833,0.0,4
13385.0,290.0,49.237833,0.0,4
13450.0,290.0,49.237833,0.0,4
13528.0,290.0,49.237833,0.0,4
13592.0,290.0,49.237833,16.555667,4
13655.0,290.0,49.237833,16.555667,4
13740.0,290.0,49.237833,16.555667,4
13790.0,290.0,49.237833,16.555667,4
13857.0,290.0,49.237833,16.555667,4
13920.0,290.0,49.237833,16.555667,4
13983.0,290.0,49.237833,16.555667,4
14046.0,290.0,49.237833,0.0,4
14109.0,290.0,49.237833,0.0,4
14172.0,290.0,49.237833,0.0,4
14235.0,290.0,49.237833,0.0,4
14307.0,290.0,49.237833,0.0,4
14370.0,290.0,49.237833,0.0,4
14435.0,290.0,49.237833,0.0,4
14500.0,290.0,49.237833,0.0,4
14563.0,290.0,49.237833,0.0,4
14628.0,290.0,49.237833,0.0,4
14691.0,290.0,49.237833,0.0,4
14757.0,290.0,49.237833,0.0,4
14820.0,290.0,49.237833,0.0,4
14883.0,290.0,49.237833,0.0,4
14948.0,290.0,49.237833,0.0,4
15011.0,290.0,49.237833,0.0,4
15075.0,290.0,49.237833,0.0,4
15131.0,290.0,49.237833,0.0,4
15196.0,290.0,49.237833,16.55,4
15246.0,290.0,49.237833,16.55,4
15310.0,290.0,49.237833,16.55,4
15386.0,290.0,49.237833,16.55,4
15457.0,290.0,49.237833,16.55,4
15523.0,290.0,49.237833,16.555667,4
15586.0,290.0,49.237833,16.555667,4
15649.0,290.0,49.237833,16.555667,4
15714.0,290.0,49.237833,16.555667,4
15778.0,290.0,49.237833,16.555667,4
15841.0,290.0,49.237833,16.555667,4
15904.0,290.0,49.237833,16.555667,4
15984.0,290.0,49.237833,16.555667,4
16049.0,290.0,49.237833,16.555667,4
16113.0,290.0,49.237833,16.555667,4
16177.0,290.0,49.237833,16.555667,4
16251.999999999998,290.0,49.237833,16.555667,4
16321.000000000002,290.0,49.237833,0.0,4
16399.0,290.0,49.237833,0.0,4
16476.0,290.0,49.237833,0.0,4
16541.0,290.0,49.237833,0.0,4
16616.0,290.0,49.237833,0.0,4
16696.0,290.0,49.237833,0.0,4
16767.0,290.0,49.237833,0.0,4
16830.0,290.0,49.237833,16.555667,4
16893.0,290.0,49.237833,16.555667,4
16956.0,290.0,49.237833,16.555667,4
17019.0,290.0,49.237833,16.555667,4
17069.0,290.0,49.237833,16.555667,4
17132.0,290.0,49.237833,16.555667,4
17196.0,290.0,49.237833,16.555667,4
17248.0,290.0,49.237833,16.555667,4
17321.0,290.0,49.237833,16.555667,4
17384.0,290.0,49.237833,16.555667,4
17434.0,290.0,49.237833,16.555667,4
17507.0,290.0,49.237833,16.555667,4
17574.0,290.0,49.237833,16.555667,4
17639.0,290.0,49.237833,16.555667,4
17701.0,290.0,49.237833,16.555667,4
17751.0,290.0,49.237833,16.555667,4
17817.0,290.0,49.237833,16.555667,4
17881.0,290.0,49.237833,16.555667,4
17937.0,290.0,49.237833,16.55,4
18009.0,290.0,49.237833,16.55,4
18061.0,290.0,49.237833,16.55,4
18113.0,290.0,49.237833,16.55,4
18191.0,290.0,49.237833,16.55,4
18259.0,290.0,49.237833,16.55,4
18334.0,290.0,49.237833,16.55,4
18410.0,290.0,49.237833,16.55,4
18473.0,290.0,49.237833,16.55,4
18536.0,290.0,49.237833,16.55,4
18600.0,290.0,49.237833,16.55,4
18676.0,290.0,49.237833,16.55,4
18744.0,290.0,49.237833,16.55,4
18796.0,290.0,49.237833,16.555667,4
18859.0,290.0,49.237833,16.555667,4
18922.0,290.0,49.237833,16.555667,4
18984.0,290.0,49.237833,16.555667,4
19047.0,290.0,49.237833,16.555667,4
19099.0,290.0,49.237833,16.555667,4
19165.0,290.0,49.237833,16.555667,4
19237.0,290.0,49.237833,16.555667,4
19315.0,290.0,49.237833,16.555667,4
19379.0,290.0,49.237833,16.555667,4
19459.0,290.0,49.237833,16.555667,4
19537.0,290.0,49.237833,16.555667,4
19602.0,290.0,49.237833,16.555667,4
19665.0,290.0,49.237833,16.555667,4
19727.0,290.0,49.237833,16.555667,4
19790.0,290.0,49.237833,16.555667,4
19855.0,290.0,49.237833,16.555667,4
19935.0,290.0,49.237833,16.555667,4
20014.0,290.0,49.237833,16.555667,4
20082.0,290.0,49.237833,16.555667,4
20145.0,291.0,49.237833,16.555667,4
20208.0,290.0,49.237833,16.555667,4
20285.0,290.0,49.237833,16.555667,4
20348.0,290.0,49.237833,0.266667,4
20400.0,290.0,49.237833,0.266667,4
20462.0,290.0,49.237833,0.266667,4
20525.0,290.0,49.237833,0.266667,4
20588.0,290.0,49.237833,0.266667,4
20648.0,290.0,49.237833,0.266667,4
20713.0,290.0,49.237833,0.266667,4
20776.0,290.0,49.237833,0.266667,4
20839.0,290.0,49.237833,16.55,4
20912.0,290.0,49.237833,16.55,4
20975.0,290.0,49.237833,16.55,4
21045.0,290.0,49.237833,16.55,4
21124.0,290.0,49.237833,16.55,4
21187.0,290.0,49.237833,16.555667,4
21261.0,290.0,49.237833,16.555667,4
21341.0,290.0,49.237833,16.555667,4
21408.0,290.0,49.237833,16.555667,4
21476.0,290.0,49.237833,16.555667,4
21552.0,290.0,49.237833,16.555667,4
21617.0,290.0,49.237833,16.555667,4
21680.0,290.0,49.237833,16.555667,4
21744.0,290.0,49.237833,16.555667,4
21806.0,290.0,49.237833,16.555667,4
21869.0,290.0,49.237833,16.555667,4
21932.0,290.0,49.237833,16.555667,4
21995.0,290.0,49.237833,6.555637,4
22059.0,290.0,49.237833,6.555637,4
22120.0,290.0,49.237833,6.555637,4
22184.0,290.0,49.237833,6.555637,4
22243.0,290.0,49.237833,6.555637,4
22298.0,290.0,49.237833,6.555637,4
22352.0,290.0,49.237833,6.555637,4
22420.0,290.0,49.237833,6.555637,4
22483.0,290.0,49.237833,6.555637,4
22561.0,290.0,49.237833,16.555667,4
22614.0,290.0,49.237833,16.555667,4
22664.0,290.0,49.237833,16.555667,4
22740.0,290.0,49.237833,16.555667,4
22803.0,290.0,49.237833,16.555667,4
22866.0,290.0,49.237833,16.555667,4
22924.0,290.0,49.237833,16.555667,4
22974.0,290.0,49.237833,16.555667,4
23052.0,290.0,49.237833,16.555667,4
23120.0,290.0,49.237833,16.555667,4
23172.0,290.0,49.237833,16.555667,4
23237.0,290.0,49.237833,0.0,4
23287.0,290.0,49.237833,0.0,4
23352.0,290.0,49.237833,0.0,4
23415.0,290.0,49.237833,0.0,4
23478.0,290.0,49.237833,16.555667,4
23551.0,290.0,49.237833,16.555667,4
23615.0,290.0,49.237833,16.555667,4
23693.0,290.0,49.237833,16.555667,4
23758.0,290.0,49.237833,16.555667,4
23821.0,290.0,49.237833,16.555667,4
23871.0,290.0,49.237833,16.555667,4
23934.0,290.0,49.237833,16.555667,4
24008.0,290.0,49.237833,0.0,4
24071.0,290.0,49.237833,0.0,4
24134.0,290.0,49.237833,0.0,4
24191.0,290.0,49.237833,0.0,4
24254.0,290.0,49.237833,0.0,4
24320.0,290.0,49.237833,0.0,4
24383.0,290.0,49.237833,16.555633,4
24443.0,290.0,49.237833,16.555633,4
24506.0,290.0,49.237833,16.555633,4
24569.0,290.0,49.237833,16.555633,4
24645.0,290.0,49.237833,16.555633,4
24710.0,290.0,49.237833,16.555633,4
24773.0,290.0,49.237833,16.555667,4
24836.0,290.0,49.237833,16.555667,4
24888.0,290.0,49.237833,16.555667,4
24957.0,290.0,49.237833,16.555667,4
25024.0,290.0,49.237833,16.555667,4
25088.0,290.0,49.237833,16.555667,4
25151.0,290.0,49.237833,16.555667,4
25217.0,290.0,49.237833,16.555667,4
25272.0,290.0,49.237833,16.555667,4
25348.0,290.0,49.237833,16.555667,4
25406.0,290.0,49.237833,16.555667,4
25470.0,290.0,49.237833,16.555667,4
25533.0,290.0,49.237833,16.555667,4
25601.0,290.0,49.237833,16.555667,4
25681.0,290.0,49.237833,16.555667,4
25737.0,290.0,49.237833,16.555667,4
25801.0,290.0,49.237833,16.555667,4
25864.0,290.0,49.237833,16.555667,4
25927.0,290.0,49.237833,16.555667,4
26003.0,290.0,49.237833,16.555667,4
26057.0,290.0,49.237833,16.555667,4
26109.0,290.0,49.237833,16.555667,4
26172.0,290.0,49.237833,16.555667,4
26235.0,290.0,49.237833,2.05,4
26300.0,290.0,49.237833,2.05,4
26369.0,290.0,49.237833,2.05,4
26432.0,290.0,49.237833,2.05,4
26502.0,290.0,49.237833,0.055635,4
26575.0,290.0,49.237833,0.055635,4
26629.0,290.0,49.237833,0.055635,4
26692.0,290.0,49.237833,0.055635,4
26755.0,290.0,49.237833,0.055635,4
26818.0,290.0,49.237833,0.0,4
26899.0,290.0,49.237833,0.0,4
26954.0,290.0,49.237833,0.0,4
27033.0,290.0,49.237833,0.0,4
27098.0,290.0,49.237833,0.0,4
27161.0,290.0,49.237833,0.0,4
27226.0,290.0,49.237833,0.0,4
27294.0,290.0,49.237833,0.0,4
27360.0,290.0,49.237833,0.0,4
27436.0,290.0,49.237833,16.555667,4
27512.0,290.0,49.237833,16.555667,4
27575.0,290.0,49.237833,16.555667,4
27639.0,290.0,49.237833,16.555667,4
27714.0,290.0,49.237833,16.555667,4
27778.0,290.0,49.237833,16.555667,4
27841.0,290.0,49.237833,16.555667,4
27904.0,290.0,49.237833,16.555667,4
27962.0,290.0,49.237833,16.555667,4
28030.0,290.0,49.237833,16.555667,4
28093.0,290.0,49.237833,16.555667,4
28168.0,290.0,49.237833,16.555667,4
28231.0,290.0,49.237833,16.555667,4
28294.0,290.0,49.237833,16.555667,4
28357.0,290.0,49.237833,16.555667,4
28423.0,290.0,49.237833,16.555667,4
28489.0,290.0,49.237833,16.555667,4
28552.0,290.0,49.237833,16.555667,4
28616.0,290.0,49.237833,16.555667,4
28668.0,290.0,49.237833,16.555667,4
28731.0,290.0,49.237833,16.555667,4
28796.0,290.0,49.237833,16.555667,4
28856.0,290.0,49.237833,16.555667,4
28921.0,290.0,49.237833,16.555667,4
28990.0,290.0,49.237833,16.555667,4
29055.0,290.0,49.237833,16.555667,4
29119.0,290.0,49.237833,0.0,4
29182.0,290.0,49.237833,0.0,4
29253.0,290.0,49.237833,0.0,4
29326.0,290.0,49.237833,0.0,4
29391.0,290.0,49.237833,0.0,4
29451.0,290.0,49.237833,0.0,4
29514.0,290.0,49.237833,0.0,4
29581.0,290.0,49.237833,0.0,4
29643.0,290.0,49.237833,0.0,4
29710.0,290.0,49.237833,0.0,4
29775.0,290.0,49.237833,0.0,4
29838.0,290.0,49.237833,0.0,4
29903.0,290.0,49.237833,0.0,4
29966.0,290.0,49.237833,0.0,4
30031.0,290.0,49.237833,0.0,4
30099.0,290.0,49.237833,0.0,4
30162.0,290.0,49.237833,0.0,4
30229.0,290.0,49.237833,0.0,4
30295.0,290.0,49.237833,0.0,4
30363.0,290.0,49.237833,0.0,4
30433.0,290.0,49.237833,0.0,4
30497.0,290.0,49.237833,0.0,4
30563.0,290.0,49.237833,16.55,4
30638.0,290.0,49.237833,16.55,4
30716.0,290.0,49.237833,16.55,4
30772.0,290.0,49.237833,16.55,4
30845.0,290.0,49.237833,16.55,4
30908.0,290.0,49.237833,16.55,4
30972.0,290.0,49.237833,16.55,4
31035.0,290.0,49.237833,16.55,4
31103.0,290.0,49.237833,16.555667,4
31166.0,290.0,49.237833,16.555667,4
31242.0,290.0,49.237833,16.555667,4
31305.0,290.0,49.237833,16.555667,4
31368.0,290.0,49.237833,6.555637,4
31423.0,290.0,49.237833,6.555637,4
31491.0,290.0,49.237833,6.555637,4
31554.0,290.0,49.237833,6.555637,4
31619.0,290.0,49.237833,6.555637,4
31682.0,290.0,49.237833,6.555637,4
31745.0,290.0,49.237833,6.555637,4
31808.0,290.0,49.237833,6.555637,4
31871.0,290.0,49.237833,6.555637,4
31940.0,290.0,49.237833,16.555667,4
32017.000000000004,290.0,49.237833,16.555667,4
32079.0,290.0,49.237833,16.555667,4
32145.000000000004,290.0,49.237833,16.555667,4
32208.0,290.0,49.237833,16.555667,4
32279.000000000004,290.0,49.237833,16.555667,4
32331.000000000004,290.0,49.237833,16.555667,4
32383.000000000004,290.0,49.237833,16.555667,4
32445.999999999996,290.0,49.237833,16.555667,4
32509.999999999996,290.0,49.237833,16.555667,4
32573.0,290.0,49.237833,16.555667,4
32645.000000000004,290.0,49.237833,16.555667,4
32722.0,290.0,49.237833,16.555667,4
32785.0,290.0,49.237833,16.555667,4
32848.0,290.0,49.237833,16.555667,4
32917.0,290.0,49.237833,16.555667,4
32982.0,290.0,49.237833,16.555667,4
33038.0,290.0,49.237833,16.555667,4
33101.0,290.0,49.237833,16.555667,4
33169.0,290.0,49.237833,16.555667,4
33230.0,290.0,49.237833,16.555667,4
33293.0,290.0,49.237833,16.555667,4
33365.0,290.0,49.237833,16.555667,4
33428.0,290.0,49.237833,16.555667,4
33491.0,290.0,49.237833,16.555667,4
33554.0,290.0,49.237833,0.0,4
33630.0,290.0,49.237833,0.0,4
33683.0,290.0,49.237833,0.0,4
33751.0,290.0,49.237833,0.0,4
33814.0,290.0,49.237833,0.0,4
33879.0,290.0,49.237833,0.0,4
33935.0,290.0,49.237833,16.555667,4
34001.0,290.0,49.237833,16.555667,4
34069.0,290.0,49.237833,16.555667,4
34132.0,290.0,49.237833,16.555667,4
34202.0,290.0,49.237833,16.555667,4
34265.0,290.0,49.237833,16.555667,4
34328.0,290.0,49.237833,16.555667,4
34382.0,290.0,49.237833,16.555667,4
34446.0,290.0,49.237833,16.555667,4
34518.0,290.0,49.237833,16.555667,4
34583.0,290.0,49.237833,16.555667,4
34653.0,290.0,49.237833,16.555667,4
34718.0,290.0,49.237833,16.555667,4
34781.0,290.0,49.237833,16.555667,4
34843.0,290.0,49.237833,16.555667,4
34921.0,290.0,49.237833,16.555667,4
34995.0,290.0,49.237833,16.555667,4
35058.0,290.0,49.237833,16.555667,4
35123.0,290.0,49.237833,16.555667,4
35179.0,290.0,49.237833,16.555667,4
35242.0,290.0,49.237833,16.555667,4
35306.0,290.0,49.237833,16.555667,4
35369.0,290.0,49.237833,16.555667,4
35446.0,290.0,49.237833,0.0,4
35514.0,290.0,49.237833,0.0,4
35579.0,290.0,49.237833,0.0,4
35659.0,290.0,49.237833,0.0,4
35723.0,290.0,49.237833,0.0,4
35786.0,290.0,49.237833,0.0,4
35849.0,290.0,49.237833,0.0,4
35912.0,290.0,49.237833,0.0,4
35975.0,290.0,49.237833,0.0,4
36048.0,290.0,49.237833,0.0,4
36111.0,290.0,49.237833,0.0,4
36190.0,290.0,49.237833,0.0,4
36250.0,290.0,49.237833,0.0,4
36317.0,290.0,49.237833,0.0,4
36395.0,290.0,49.237833,0.0,4
36459.0,290.0,49.237833,0.0,4
36540.0,290.0,49.237833,0.0,4
36603.0,290.0,49.237833,0.0,4
36667.0,290.0,49.237833,0.0,4
36734.0,290.0,49.237833,0.0,4
36798.0,290.0,49.237833,0.0,4
36861.0,290.0,49.237833,16.555,4
36928.0,290.0,49.237833,16.555,4
37002.0,290.0,49.237833,16.555,4
37066.0,290.0,49.237833,16.555,4
37122.0,290.0,49.237833,16.555,4
37187.0,290.0,49.237833,16.555,4
37250.0,290.0,49.237833,16.555667,4
37313.0,290.0,49.237833,16.555667,4
37373.0,290.0,49.237833,16.555667,4
37436.0,290.0,49.237833,16.555667,4
37498.0,290.0,49.237833,16.555667,4
37554.0,290.0,49.237833,16.555667,4
37628.0,290.0,49.237833,16.555667,4
37692.0,290.0,49.237833,16.555667,4
37756.0,290.0,49.237833,0.0,4
37806.0,290.0,49.237833,0.0,4
37881.0,290.0,49.237833,0.0,4
37944.0,290.0,49.237833,0.0,4
38020.0,290.0,49.237833,0.0,4
38084.0,290.0,49.237833,16.555667,4
38147.0,290.0,49.237833,16.555667,4
38212.0,290.0,49.237833,16.555667,4
38278.0,290.0,49.237833,16.555667,4
38350.0,290.0,49.237833,16.555667,4
38421.0,290.0,49.237833,0.0,4
38489.0,290.0,49.237833,0.0,4
38552.0,290.0,49.237833,0.0,4
38615.0,290.0,49.237833,0.0,4
38676.0,290.0,49.237833,0.0,4
38751.0,290.0,49.237833,0.0,4
38819.0,290.0,49.237833,0.0,4
38886.0,290.0,49.237833,0.0,4
38949.0,290.0,49.237833,0.0,4
39013.0,290.0,49.237833,0.0,4
39086.0,290.0,49.237833,0.0,4
39166.0,290.0,49.237833,0.0,4
39232.0,290.0,49.237833,0.0,4
39307.0,290.0,49.237833,0.0,4
39375.0,290.0,49.237833,0.0,4
39448.0,290.0,49.237833,0.0,4
39512.0,290.0,49.237833,0.0,4
39589.0,290.0,49.237833,0.0,4
39669.0,290.0,49.237833,0.0,4
39732.0,290.0,49.237833,16.555667,4
39798.0,290.0,49.237833,16.555667,4
39861.0,290.0,49.237833,16.555667,4
39911.0,290.0,49.237833,16.555667,4
39975.0,290.0,49.237833,16.555667,4
40041.0,290.0,49.237833,16.555667,4
40113.0,290.0,49.237833,1.366667,4
40165.0,290.0,49.237833,1.366667,4
40230.0,290.0,49.237833,1.366667,4
40293.0,290.0,49.237833,1.366667,4
40356.0,290.0,49.237833,1.366667,4
40436.0,290.0,49.237833,1.366667,4
40504.0,290.0,49.237833,1.366667,4
40580.0,290.0,49.237833,1.366667,4
40644.0,290.0,49.237833,0.016667,4
40709.0,290.0,49.237833,0.016667,4
40773.0,290.0,49.237833,0.016667,4
40836.0,290.0,49.237833,0.016667,4
40899.0,290.0,49.237833,16.555667,4
40962.0,290.0,49.237833,16.555667,4
41024.0,290.0,49.237833,16.555667,4
41090.0,290.0,49.237833,16.555667,4
41159.0,290.0,49.237833,16.555667,4
41230.0,290.0,49.237833,16.555667,4
41295.0,290.0,49.237833,16.555667,4
41358.0,290.0,49.237833,16.555667,4
41420.0,290.0,49.237833,16.555667,4
41495.0,290.0,49.237833,16.555667,4
41557.0,290.0,49.237833,16.555667,4
41611.0,290.0,49.237833,16.555667,4
41674.0,290.0,49.237833,16.555667,4
41737.0,290.0,49.237833,16.555667,4
41802.0,290.0,49.237833,16.555667,4
41865.0,290.0,49.237833,0.0,4
41936.0,290.0,49.237833,0.0,4
41999.0,290.0,49.237833,0.0,4
42069.0,290.0,49.237833,0.0,4
42123.0,290.0,49.237833,0.0,4
42186.0,290.0,49.237833,0.0,4
42249.0,290.0,49.237833,0.016667,4
42313.0,290.0,49.237833,0.016667,4
42390.0,290.0,49.237833,0.016667,4
42462.0,290.0,49.237833,0.016667,4
42530.0,290.0,49.237833,0.016667,4
42594.0,290.0,49.237833,0.016667,4
42657.0,290.0,49.237833,0.016667,4
42720.0,290.0,49.237833,0.016667,4
42780.0,290.0,49.237833,0.016667,4
42843.0,290.0,49.237833,16.555667,4
42911.0,290.0,49.237833,16.555667,4
42975.0,290.0,49.237833,16.555667,4
43038.0,290.0,49.237833,16.555667,4
43094.0,290.0,49.237833,16.555667,4
43147.0,290.0,49.237833,16.555667,4
43205.0,290.0,49.237833,16.555667,4
43268.0,290.0,49.237833,16.555667,4
43336.0,290.0,49.237833,0.055,4
43412.0,290.0,49.237833,0.055,4
43482.0,290.0,49.237833,0.055,4
43558.0,290.0,49.237833,0.055,4
43622.0,290.0,49.237833,0.055,4
43684.0,290.0,49.237833,0.055,4
43747.0,290.0,49.237833,0.055,4
43816.0,290.0,49.237833,0.0,4
43889.0,290.0,49.237833,0.0,4
43957.0,290.0,49.237833,0.0,4
44037.0,290.0,49.237833,0.0,4
44114.0,290.0,49.237833,0.0,4
44182.0,290.0,49.237833,0.0,4
44236.0,290.0,49.237833,0.0,4
44301.0,290.0,49.237833,0.0,4
44376.0,290.0,49.237833,0.0,4
44440.0,290.0,49.237833,0.0,4
44503.0,290.0,49.237833,0.0,4
44583.0,290.0,49.237833,0.0,4
44657.0,290.0,49.237833,0.0,4
44720.0,290.0,49.237833,0.0,4
44783.0,290.0,49.237833,0.0,4
44846.0,290.0,49.237833,0.0,4
44909.0,290.0,49.237833,16.555667,4
44973.0,290.0,49.237833,16.555667,4
45037.0,290.0,49.237833,16.555667,4
45109.0,290.0,49.237833,16.555667,4
45179.0,290.0,49.237833,16.555667,4
45242.0,290.0,49.237833,0.266667,4
45316.0,290.0,49.237833,0.266667,4
45379.0,290.0,49.237833,0.266667,4
45444.0,290.0,49.237833,0.266667,4
45507.0,290.0,49.237833,0.266667,4
45584.0,290.0,49.237833,0.266667,4
45642.0,290.0,49.237833,0.266667,4
45706.0,290.0,49.237833,0.266667,4
45769.0,290.0,49.237833,0.266667,4
45823.0,290.0,49.237833,0.266667,4
45886.0,290.0,49.237833,16.555667,4
45958.0,290.0,49.237833,16.555667,4
46021.0,290.0,49.237833,16.555667,4
46084.0,290.0,49.237833,16.555667,4
46148.0,290.0,49.237833,16.555667,4
46212.0,290.0,49.237833,16.555667,4
46274.0,290.0,49.237833,0.0,4
46339.0,290.0,49.237833,0.0,4
46418.0,290.0,49.237833,0.0,4
46481.0,290.0,49.237833,0.0,4
46544.0,290.0,49.237833,0.0,4
46621.0,290.0,49.237833,16.55,4
46691.0,290.0,49.237833,16.55,4
46755.0,290.0,49.237833,16.55,4
46818.0,290.0,49.237833,0.0,4
46881.0,290.0,49.237833,0.0,4
46957.0,290.0,49.237833,0.0,4
47020.0,290.0,49.237833,0.0,4
47088.0,290.0,49.237833,0.0,4
47142.0,290.0,49.237833,0.0,4
47205.0,290.0,49.237833,0.0,4
47271.0,290.0,49.237833,0.0,4
47334.0,290.0,49.237833,16.555667,4
47397.0,290.0,49.237833,16.555667,4
47460.0,290.0,49.237833,16.555667,4
47530.0,290.0,49.237833,16.555667,4
47593.0,290.0,49.237833,0.0,4
47657.0,290.0,49.237833,0.0,4
47723.0,290.0,49.237833,1.35,4
47786.0,290.0,49.237833,1.35,4
47860.0,290.0,49.237833,1.35,4
47923.0,290.0,49.237833,1.35,4
47986.0,290.0,49.237833,1.35,4
48040.0,290.0,49.237833,1.35,4
48106.0,290.0,49.237833,16.555667,4
48169.0,290.0,49.237833,16.555667,4
48232.0,290.0,49.237833,16.555667,4
48295.0,290.0,49.237833,16.555667,4
48358.0,290.0,49.237833,0.266667,4
48423.0,290.0,49.237833,0.266667,4
48498.0,290.0,49.237833,0.266667,4
48561.0,290.0,49.237833,0.266667,4
48611.0,290.0,49.237833,0.266667,4
48674.0,290.0,49.237833,0.266667,4
48737.0,290.0,49.237833,0.266667,4
48801.0,290.0,49.237833,0.266667,4
48864.0,290.0,49.237833,16.555667,4
48929.0,290.0,49.237833,16.555667,4
48992.0,290.0,49.237833,16.555667,4
49054.0,290.0,49.237833,16.555667,4
49118.0,290.0,49.237833,16.555667,4
49181.0,290.0,49.237833,0.266667,4
49245.0,290.0,49.237833,0.266667,4
49299.0,290.0,49.237833,0.266667,4
49361.0,290.0,49.237833,0.266667,4
49424.0,290.0,49.237833,0.266667,4
49484.0,290.0,49.237833,0.0,4
49546.0,290.0,49.237833,0.0,4
49609.0,290.0,49.237833,0.0,4
49674.0,290.0,49.237833,0.0,4
49737.0,290.0,49.237833,0.0,4
49789.0,290.0,49.237833,0.0,4
49852.0,290.0,49.237833,0.0,4
49916.0,290.0,49.237833,16.555,4
49981.0,290.0,49.237833,16.555,4
50044.0,290.0,49.237833,16.555,4
50094.0,290.0,49.237833,16.555,4
50157.0,290.0,49.237833,0.0,4
50223.0,290.0,49.237833,0.0,4
50286.0,290.0,49.237833,0.0,4
50355.0,290.0,49.237833,0.0,4
50419.0,290.0,49.237833,0.0,4
50482.0,290.0,49.237833,0.0,4
50555.0,290.0,49.237833,0.0,4
50619.0,290.0,49.237833,0.0,4
50685.0,290.0,49.237833,0.0,4
50744.0,290.0,49.237833,0.0,4
50814.0,290.0,49.237833,16.555667,4
50877.0,290.0,49.237833,16.555667,4
50940.0,290.0,49.237833,16.555667,4
51003.0,290.0,49.237833,16.555667,4
51062.0,290.0,49.237833,16.555667,4
51126.0,290.0,49.237833,16.555667,4
51192.0,290.0,49.237833,16.55,4
51269.0,290.0,49.237833,16.55,4
51341.0,290.0,49.237833,16.55,4
51404.0,290.0,49.237833,0.016667,4
51469.0,290.0,49.237833,0.016667,4
51533.0,290.0,49.237833,0.016667,4
51596.0,290.0,49.237833,0.016667,4
51659.0,290.0,49.237833,0.0,4
51735.0,290.0,49.237833,0.0,4
51798.0,290.0,49.237833,0.0,4
51867.0,290.0,49.237833,0.0,4
51939.0,290.0,49.237833,0.0,4
52004.0,290.0,49.237833,0.016667,4
52068.0,290.0,49.237833,0.016667,4
52131.0,290.0,49.237833,0.0,4
52196.0,290.0,49.237833,0.0,4
52259.0,290.0,49.237833,16.555667,4
52323.0,290.0,49.237833,16.555667,4
52386.0,290.0,49.237833,16.555667,4
52449.0,290.0,49.237833,16.555667,4
52521.0,290.0,49.237833,16.555667,4
52585.0,290.0,49.237833,16.555667,4
52648.0,290.0,49.237833,16.555667,4
52712.0,290.0,49.237833,16.555667,4
52775.0,290.0,49.237833,16.555667,4
52838.0,290.0,49.237833,0.0,4
52915.0,290.0,49.237833,0.0,4
52991.0,290.0,49.237833,0.0,4
53054.0,290.0,49.237833,16.555667,4
53118.0,290.0,49.237833,16.555667,4
53181.0,290.0,49.237833,16.555667,4
53245.0,290.0,49.237833,16.555667,4
53310.0,290.0,49.237833,0.0,4
53372.0,290.0,49.237833,0.0,4
53432.0,290.0,49.237833,0.0,4
53511.0,290.0,49.237833,0.0,4
53586.0,290.0,49.237833,0.0,4
53650.0,290.0,49.237833,0.0,4
53713.0,290.0,49.237833,0.0,4
53776.0,290.0,16.555,0.0,4
53839.0,290.0,16.555,0.05,4
53910.0,290.0,16.555,0.05,4
53973.0,290.0,16.555,0.05,4
54047.0,290.0,16.555,0.05,4
54110.0,290.0,16.555,0.05,4
54172.0,290.0,16.555,0.05,4
54236.0,290.0,16.555,0.05,4
54299.0,290.0,49.237833,0.05,4
54362.0,290.0,49.237833,16.555667,4
54425.0,290.0,49.237833,16.555667,4
54479.0,290.0,49.237833,16.555667,4
54533.0,290.0,49.237833,16.555667,4
54609.0,290.0,49.237833,16.555667,4
54686.0,290.0,49.237833,16.555667,4
54738.0,290.0,49.237833,16.555667,4
54801.0,290.0,49.237833,16.555667,4
54864.0,290.0,49.237833,0.0,4
54929.0,290.0,49.237833,0.0,4
54992.0,290.0,49.237833,0.0,4
55056.0,290.0,49.237833,0.0,4
55122.0,290.0,49.237833,0.0,4
55185.0,290.0,49.237833,16.555667,4
55250.0,290.0,49.237833,16.555667,4
55312.0,290.0,49.237833,16.555667,4
55377.0,290.0,49.237833,6.555638,4
55441.0,290.0,49.237833,6.555638,4
55507.0,290.0,49.237833,6.555638,4
55570.0,290.0,49.237833,6.555638,4
55633.0,290.0,49.237833,0.0,4
55696.0,290.0,49.237833,0.0,4
55754.0,290.0,49.237833,0.0,4
55817.0,290.0,49.237833,0.0,4
55875.0,290.0,49.237833,0.0,4
55938.0,290.0,49.237833,0.0,4
56001.0,290.0,49.237833,0.0,4
56066.0,290.0,49.237833,0.0,4
56131.0,290.0,49.237833,0.0,4
56208.0,290.0,49.237833,0.0,4
56273.0,290.0,49.237833,0.0,4
56336.0,290.0,49.237833,0.0,4
56401.0,290.0,49.237833,0.0,4
56464.0,290.0,49.237833,0.0,4
56527.0,290.0,49.237833,0.0,4
56579.0,290.0,49.237833,0.0,4
56637.0,290.0,49.237833,0.0,4
56701.0,290.0,49.237833,2.05,4
56765.0,290.0,49.237833,0.055637,4
56828.0,290.0,49.237833,0.055637,4
56891.0,290.0,49.237833,0.055637,4
56947.0,290.0,49.237833,0.055637,4
57010.0,290.0,49.237833,0.0,4
57073.0,290.0,49.237833,0.0,4
57136.0,314.0,49.237833,16.555667,4
57201.0,335.0,49.237833,0.0,4
57264.0,411.0,49.237833,0.0,4
57327.0,467.0,49.237833,16.555667,4
57390.0,491.0,49.237833,16.555667,4
57453.0,504.0,49.237833,16.555667,4
57516.0,525.0,49.237833,16.555667,4
57580.0,564.0,49.237667,0.0,4
57643.0,577.0,49.237667,0.0,4
57706.0,647.0,49.237667,0.0,4
57769.0,700.0,49.237667,1.35,4
57834.0,806.0,49.2375,0.0,4
57897.0,830.0,49.2375,0.0,4
57962.0,855.0,49.2375,16.5565,4
58025.0,975.0,49.237167,0.0,4
58105.0,975.0,49.237167,0.0,4
58170.0,925.0,49.237167,0.0,6
58233.0,919.0,49.237167,0.0,6
58296.0,913.0,49.237333,0.0,6
58358.0,897.0,49.237333,0.0,6
58421.0,895.0,49.237333,0.0,6
58485.0,890.0,49.237333,0.0,6
58548.0,889.0,49.237333,0.0,6
58611.0,866.0,49.237333,0.0,6
58675.0,856.0,49.237333,1.4,6
58738.0,843.0,49.237833,0.0,6
58801.0,842.0,49.237833,0.0,6
58864.0,841.0,49.237833,0.0,6
58927.0,814.0,49.236667,16.55,6
58990.0,813.0,49.236667,16.55,6
59053.0,780.0,49.2385,2.05,6
59116.0,778.0,49.238667,2.05,6
59179.0,775.0,49.238667,16.557333,6
59244.0,774.0,49.238667,16.557333,6
59312.0,766.0,49.238667,16.557333,6
59375.0,761.0,49.238667,16.557333,6
59433.0,760.0,49.238667,16.557333,6
59496.0,758.0,49.238667,16.557333,6
59561.0,757.0,49.238667,16.557333,6
59625.0,751.0,49.238833,0.557283,6
59688.0,750.0,49.238833,0.557283,6
59751.0,748.0,49.238833,0.557283,6
59814.0,747.0,49.238833,0.0,6
59877.0,731.0,49.239,0.0,6
59943.0,729.0,49.239,16.557167,6
60022.0,728.0,49.239,16.557167,6
60085.0,723.0,49.239167,0.0,6
60148.0,721.0,49.239167,0.0,6
60211.0,717.0,49.239167,0.0,6
60275.0,717.0,49.239167,0.0,6
60343.0,716.0,49.239167,0.0,6
60408.0,709.0,49.239167,0.0,6
60473.0,690.0,49.239333,16.557167,6
60539.0,678.0,49.2395,0.0,6
60603.0,673.0,49.2395,0.0,6
60668.0,672.0,49.2395,0.0,6
60733.0,658.0,49.239667,0.0,6
60796.0,658.0,49.239667,0.0,6
60867.0,657.0,49.239667,0.0,6
60931.0,643.0,49.239833,0.0,6
60995.0,639.0,49.239833,0.0,6
61059.0,637.0,49.239833,0.0,6
61123.0,636.0,49.239833,0.0,6
61186.0,635.0,49.239833,0.0,6
61249.0,610.0,49.24,0.0,6
61312.0,606.0,49.240167,16.556667,6
61375.0,604.0,49.240167,16.556667,6
61440.0,602.0,49.240167,16.556667,6
61503.0,594.0,49.240167,16.556667,6
61566.0,592.0,49.240167,16.556667,6
61631.0,590.0,49.240167,2.05,6
61693.0,590.0,49.240167,2.05,6
61757.0,589.0,49.240167,2.05,6
61826.0,588.0,49.240167,2.05,6
61882.0,587.0,49.240167,2.05,6
61945.0,583.0,49.240333,16.555,6
62008.0,578.0,49.240333,16.555,6
62071.0,573.0,49.240333,16.555,6
62134.0,567.0,49.240333,16.555,6
62199.0,563.0,49.240333,16.555,6
62262.0,556.0,49.2405,2.05,6
62326.0,553.0,49.2405,16.555,6
62389.0,552.0,49.2405,16.555,6
62452.0,549.0,49.2405,16.555,6
62515.0,546.0,49.2405,16.555,6
62578.0,533.0,49.240667,16.555,6
62659.0,532.0,49.240667,16.555,6
62722.0,525.0,49.240667,16.5565,6
62782.0,524.0,49.240667,16.5565,6
62862.0,523.0,49.240667,16.5565,6
62926.0,522.0,49.240833,0.0,6
62990.0,520.0,49.240833,0.0,6
63044.0,519.0,49.240833,0.0,6
63107.0,514.0,49.240833,0.0,6
63170.0,513.0,49.240833,16.5565,6
63243.0,512.0,49.240833,16.5565,6
63308.0,511.0,49.240833,16.5565,6
63373.0,507.0,49.241,0.0,6
63437.0,500.0,49.241,0.0,6
63500.0,493.0,49.241,0.0,6
63569.0,492.0,49.241,0.0,6
63634.0,492.0,49.241,0.0,6
63697.0,490.0,49.241,0.0,6
63762.0,490.0,49.241,0.0,6
63833.0,489.0,49.241,0.0,6
63896.0,476.0,49.241167,0.116667,6
63960.0,471.0,49.241167,16.555,6
64022.99999999999,468.0,49.241167,16.555,6
64087.99999999999,460.0,49.241333,16.555,6
64150.99999999999,459.0,49.241333,16.555,6
64214.0,456.0,49.241333,16.55,6
64277.0,453.0,49.241333,16.55,6
64340.0,450.0,49.241333,16.55,6
64403.00000000001,443.0,49.241333,16.55635,6
64465.0,443.0,49.241333,16.55635,6
64529.0,442.0,49.241333,16.55635,6
64607.0,440.0,49.2415,16.55635,6
64667.0,440.0,49.2415,16.55635,6
64742.99999999999,439.0,49.2415,16.55635,6
64807.0,438.0,49.2415,0.066667,6
64870.00000000001,435.0,49.2415,0.066667,6
64933.00000000001,433.0,49.2415,0.066667,6
64998.00000000001,432.0,49.2415,0.066667,6
65062.0,431.0,49.2415,0.0,6
65125.0,425.0,49.2415,0.0,6
65188.0,424.0,49.2415,0.0,6
65251.00000000001,422.0,49.2415,0.0,6
65316.0,417.0,49.2415,0.0,6
65387.0,416.0,49.2415,0.0,6
65452.0,415.0,49.2415,0.0,6
65515.0,413.0,49.24,16.556333,6
65577.0,413.0,49.24,16.556333,6
65640.0,410.0,49.24,16.556333,6
65700.0,409.0,49.24,16.556333,6
65764.0,409.0,49.24,16.556333,6
65827.0,408.0,49.241667,16.556333,6
65890.0,406.0,49.241667,16.556333,6
65953.0,401.0,49.241667,16.556333,6
66016.0,398.0,49.241833,16.556333,6
66079.0,397.0,49.241833,16.556333,6
66159.0,395.0,49.241833,16.556333,6
66223.0,395.0,49.241833,16.556333,6
66287.0,393.0,49.241833,16.556333,6
66350.0,393.0,49.241833,16.556333,6
66414.0,391.0,49.241833,16.556333,6
66479.0,387.0,49.241833,16.556333,6
66542.0,384.0,49.241833,16.556333,6
66605.0,383.0,49.241833,16.556333,6
66668.0,378.0,49.241833,16.556333,6
66738.0,377.0,49.241833,16.556333,6
66815.0,376.0,49.242,16.556333,6
66878.0,372.0,49.242,16.556333,6
66942.0,361.0,49.242,16.556333,6
67005.0,360.0,49.242,16.556333,6
67068.0,356.0,49.242,16.556333,6
67138.0,356.0,49.242,16.556333,6
67202.0,354.0,49.242167,16.556333,6
67265.0,353.0,49.242167,16.556333,6
67328.0,352.0,49.242167,16.556333,6
67391.0,349.0,49.242167,16.556333,6
67454.0,348.0,49.242167,16.556333,6
67520.0,347.0,49.242167,16.556333,6
67584.0,347.0,49.242167,16.556333,6
67647.0,346.0,49.242167,0.016667,6
67710.0,345.0,49.242167,0.016667,6
67773.0,344.0,49.242167,0.016667,6
67843.0,343.0,49.242167,0.016667,6
67908.0,337.0,49.242333,0.0,6
67971.0,333.0,49.242333,0.0,6
68034.0,331.0,49.242333,0.0,6
68100.0,331.0,49.242333,0.0,6
68163.0,330.0,49.242333,16.556333,6
68227.0,329.0,49.242333,16.556333,6
68292.0,319.0,49.242333,0.0,6
68355.0,316.0,49.242333,0.0,6
68411.0,316.0,49.242333,0.0,6
68474.0,315.0,49.242333,0.0,6
68537.0,314.0,49.242333,2.05,6
68600.0,299.0,49.2425,0.0,6
68663.0,299.0,49.242333,0.0,6
68726.0,299.0,49.242333,16.55635,6
68789.0,299.0,49.242333,16.55635,6
68854.0,299.0,49.242333,16.55635,6
68917.0,299.0,49.242333,16.55635,6
68982.0,299.0,49.242333,16.556333,6
69045.0,299.0,49.242333,0.0,6
69123.0,299.0,49.242333,8.566667,6
69187.0,299.0,49.242333,8.566667,6
69696.0,299.0,49.242333,16.556333,7
70201.0,299.0,49.242333,16.556333,7
70711.0,299.0,49.242333,16.556333,7
71216.0,299.0,49.242333,16.556333,7
71725.0,299.0,49.242333,16.556333,7
72232.0,299.0,49.242333,16.556333,7
72742.0,299.0,49.242333,16.556333,7
73253.0,299.0,49.242333,0.0,7
73780.0,299.0,49.242333,0.0,7
74287.0,299.0,49.242333,16.556333,7
74793.0,299.0,49.242333,0.0,7
75304.0,299.0,49.242333,16.556333,7
75814.0,299.0,49.242333,16.556333,7
76321.0,299.0,49.242333,0.016667,7
76830.0,299.0,49.242333,16.556333,7
77338.0,299.0,49.242333,16.556333,7
77848.0,299.0,49.242333,16.556333,7
78358.0,300.0,49.242333,16.556333,7
78867.0,300.0,49.242333,16.556333,7
79372.0,300.0,49.242333,0.0,7
79879.0,300.0,49.242333,16.55,7
80403.0,300.0,49.242333,16.556333,7
80916.0,300.0,49.242333,16.556333,7
81427.0,300.0,49.242333,16.556333,7
81938.0,301.0,49.242333,16.556333,7
82450.0,301.0,49.242333,16.556333,7
82961.0,301.0,49.242333,16.556333,7
83469.0,301.0,49.242333,16.556333,7
83991.0,300.0,49.242333,16.556333,7
84500.0,300.0,49.242333,16.556333,7
85009.0,300.0,49.242333,16.556333,7
85520.0,300.0,49.242333,16.556333,7
86035.0,301.0,49.242333,16.556333,7
86546.0,301.0,49.242333,16.556333,7
87061.0,301.0,49.242333,16.556333,7
87581.0,301.0,49.242333,16.556333,7
88089.0,300.0,49.242333,16.556333,7
88597.0,301.0,49.242333,16.556333,7
89109.0,300.0,49.242333,16.556333,7
89619.0,300.0,49.242333,16.556333,7
90134.0,300.0,16.556667,0.516667,7
90647.0,300.0,16.556667,0.516667,7
91161.0,300.0,49.242333,16.556333,7
91669.0,300.0,49.242333,16.556333,7
92179.0,300.0,49.242333,16.556333,7
92687.0,300.0,49.242333,16.556333,7
93202.0,300.0,49.242333,16.556333,7
93720.0,300.0,49.242333,16.556333,7
94242.0,300.0,49.242333,16.556333,7
94755.0,300.0,49.242333,16.556333,7
95270.0,300.0,0.1,2.55,7
95780.0,300.0,0.1,2.55,7
96297.0,300.0,49.242167,16.556333,7
96807.0,300.0,49.242167,16.556333,7
97318.0,300.0,49.242167,16.5565,7
97830.0,300.0,49.242167,16.5565,7
98344.0,300.0,49.242167,16.5565,7
98855.0,300.0,49.242167,16.5565,7
99372.0,300.0,49.242167,16.5565,7
99883.0,300.0,49.242167,16.5565,7
100391.0,301.0,49.242167,0.0,7
100898.0,301.0,49.242167,0.0,7
101406.0,302.0,16.556667,0.066667,7
101916.0,301.0,49.242167,16.5565,7
102423.0,301.0,49.242167,16.5565,7
102934.0,301.0,49.242167,16.5565,7
103444.0,301.0,49.242167,16.5565,7
103953.0,301.0,49.242167,16.5565,7
104461.0,301.0,49.242167,16.5565,7
104967.0,301.0,49.242167,0.0,7
105476.0,301.0,49.242167,16.5565,7
105985.0,301.0,49.242167,16.5565,7
106497.0,300.0,49.242167,16.5565,7
107005.0,300.0,49.242167,16.5565,7
107522.0,301.0,49.242167,16.5565,7
108030.0,301.0,49.242167,16.555,7
108539.0,301.0,49.242167,16.555,7
109047.0,300.0,49.242167,0.016667,7
109555.0,301.0,49.242167,1.6,7
110062.0,301.0,49.242167,16.556667,7
110565.0,301.0,49.242167,16.556667,7
111076.0,301.0,49.242167,16.556833,7
111585.0,301.0,49.242167,16.556833,7
112093.0,301.0,49.242167,0.0,7
112601.0,301.0,49.242167,16.557,7
113115.0,301.0,49.242167,16.557,7
113644.0,301.0,49.242167,2.05,7
114154.0,301.0,49.242167,16.557,7
114676.0,301.0,49.242167,16.557,7
115187.0,301.0,49.242167,16.557167,7
115694.0,301.0,16.556667,0.05,7
116204.0,302.0,49.242167,16.55,7
116712.0,301.0,49.242167,16.557333,7
117242.0,301.0,49.242167,16.557333,7
117750.0,302.0,49.242167,16.5575,7
118258.0,301.0,49.242167,16.5575,7
118766.0,302.0,49.242167,0.0,7
119274.0,301.0,49.242167,16.557667,7
119783.0,301.0,49.242167,0.0,7
120298.0,301.0,49.242167,0.0,7
120806.0,301.0,49.242167,16.557667,7
121315.0,301.0,49.242167,16.557667,7
121825.0,301.0,49.242167,16.557833,7
122343.0,301.0,49.242167,16.557833,7
122854.0,301.0,49.242167,16.557833,7
123360.0,301.0,49.242167,16.557833,7
123874.0,301.0,49.242167,16.558,7
124380.0,302.0,49.242167,8.566667,7
124891.0,302.0,49.242167,0.016667,7
125400.0,302.0,49.242167,16.558167,7
125911.0,302.0,49.242167,16.558167,7
126416.0,301.0,49.242167,16.558167,7
126931.0,302.0,49.242167,16.558167,7
127440.0,302.0,49.242167,16.558167,7
127946.0,302.0,49.242167,16.558167,7
128449.00000000001,302.0,49.242167,16.556667,7
128958.0,302.0,49.242167,16.556667,7
129466.00000000001,302.0,49.242167,16.556667,7
129975.0,302.0,49.242167,16.558333,7
130483.0,302.0,49.242167,16.558333,7
130994.0,302.0,49.242167,16.5585,7
131506.0,302.0,49.242167,16.5585,7
132017.0,302.0,49.242167,16.5585,7
132535.0,302.0,49.242167,16.5585,7
133044.0,302.0,49.242167,16.5585,7
133548.0,302.0,49.242167,16.5585,7
134063.0,302.0,49.242,16.5585,7
134586.0,302.0,49.242,16.5585,7
135096.0,302.0,49.242,16.558667,7
135616.0,302.0,49.242,16.558667,7
136126.0,302.0,49.242,0.0,7
136634.0,302.0,49.242,16.558667,7
137143.0,302.0,49.242,0.266667,7
137647.0,302.0,49.242,16.558667,7
138155.0,302.0,49.242,16.558833,7
138666.0,302.0,49.242167,16.558833,7
139192.0,303.0,49.242167,16.558833,7
139698.0,302.0,49.242167,0.0,7
140223.0,302.0,49.242167,16.558833,7
140731.0,302.0,49.242,16.559,7
141239.0,303.0,49.242,16.559,7
141748.0,303.0,49.242,0.0,7
142256.0,303.0,49.242,16.559167,7
142769.0,303.0,49.242,16.559167,7
143295.0,303.0,49.242,16.559167,7
143800.0,303.0,49.242,16.559167,7
144309.0,303.0,49.242,16.559333,7
144819.0,303.0,49.242,0.0,7
145327.0,303.0,49.242,16.559333,7
145835.0,303.0,49.242,16.559333,7
146346.0,302.0,49.242,16.559333,7
146864.0,303.0,49.242,16.559333,7
147368.0,302.0,49.242,0.0,7
147879.0,302.0,49.242,16.559333,7
148383.0,302.0,49.242,16.559333,7
148897.0,302.0,49.242,0.016667,7
149399.0,302.0,49.242,0.016667,7
149910.0,302.0,49.241833,16.559333,7
150433.0,302.0,49.241833,16.559333,7
150943.0,302.0,49.241833,16.559333,7
151453.0,302.0,49.241833,16.559333,7
151960.0,302.0,49.241833,16.559333,7
152487.0,302.0,49.241833,16.559333,7
152996.0,302.0,49.241833,0.0,7
153513.0,302.0,49.241833,16.559333,7
154019.0,302.0,49.241833,16.559333,7
154531.0,301.0,49.241833,16.559167,7
155044.0,301.0,49.241667,0.433333,7
155569.0,301.0,49.241667,16.559167,7
156074.0,301.0,49.241667,16.559167,7
156584.0,301.0,49.241667,16.559333,7
157089.0,301.0,49.241667,0.0,7
157600.0,301.0,49.241667,16.559167,7
158110.0,301.0,49.241667,16.559167,7
158616.0,301.0,49.241667,0.0,7
159127.0,301.0,49.241667,0.016667,7
159636.0,301.0,49.241667,16.55,7
160153.0,301.0,49.241667,16.55,7
160662.0,301.0,49.24,16.559167,7
161193.0,301.0,49.24,16.559167,7
161704.0,301.0,49.24,16.55,7
162211.0,301.0,49.24,16.55,7
162720.0,300.0,49.24,16.559167,7
163227.0,300.0,49.2415,16.559167,7
163741.0,300.0,49.2415,16.559167,7
164248.0,300.0,49.241333,0.0,7
164770.0,300.0,49.241333,16.559167,7
165279.0,300.0,49.241333,16.559167,7
165787.0,300.0,49.241333,16.559167,7
166294.0,300.0,49.241333,0.266667,7
166802.0,300.0,49.241333,16.559333,7
167313.0,300.0,49.241333,16.559333,7
167823.0,300.0,49.241333,16.559333,7
168334.0,300.0,49.241167,16.55,7
168839.0,300.0,49.241167,16.55,7
169351.0,300.0,49.241167,16.559333,7
169869.0,300.0,49.241167,16.559333,7
170377.0,300.0,49.241167,16.559333,7
170886.0,299.0,49.241167,16.559333,7
171393.0,300.0,49.241,16.559333,7
171922.0,299.0,49.241,16.559333,7
172434.0,300.0,49.241,16.559333,7
172937.0,299.0,49.241,16.559333,7
173444.0,299.0,49.241,0.016667,7
173956.0,299.0,49.241,16.559167,7
174474.0,299.0,49.241,0.016667,7
174981.0,299.0,49.241,16.559167,7
175492.0,299.0,49.241,16.559167,7
175999.0,299.0,49.241,16.559167,7
176508.0,299.0,49.241,16.559333,7
177020.0,299.0,49.241,16.559167,7
177527.0,299.0,49.241,16.559167,7
178041.0,299.0,49.241,0.266667,7
178552.0,299.0,49.241,16.559167,7
179057.0,299.0,49.241,16.559167,7
179571.0,299.0,49.241,0.0,7
180082.0,299.0,49.241,16.559167,7
180592.0,299.0,49.241,16.55,7
181102.0,299.0,49.241,16.55,7
181614.0,299.0,49.241,0.016667,7
182126.0,299.0,49.241,16.559167,7
182640.0,299.0,49.241,16.559167,7
183156.0,299.0,49.241,16.559167,7
183664.0,299.0,49.241,16.559167,7
184174.0,299.0,49.241,0.266667,7
184690.0,299.0,49.241,0.266667,7
185201.0,299.0,49.241,0.0,7
185711.0,299.0,49.241,16.559167,7
186239.0,299.0,49.241,16.559167,7
186739.0,299.0,49.241,16.559167,7
187255.0,299.0,49.241,16.559167,7
187782.0,299.0,49.241,16.559167,7
188289.0,299.0,49.241,16.559167,7
188794.0,299.0,49.241,16.559167,7
189306.0,299.0,49.241,16.559167,7
189817.0,299.0,49.241,0.0,7
190332.0,299.0,49.241,0.0,7
190840.0,299.0,49.241,16.559167,7
191343.0,299.0,49.241,16.559167,7
191853.0,299.0,49.241,16.559167,7
192376.0,299.0,49.241,16.559167,7
192906.0,299.0,49.241,16.559167,7
193436.0,299.0,49.241,16.559167,7
193955.0,299.0,49.241,16.559167,7
194486.0,299.0,49.241,16.559167,7
194999.0,299.0,49.241,0.0,7
195527.0,299.0,49.241,0.0,7
196052.0,299.0,49.241,16.559167,7
196575.0,299.0,49.241,16.559167,7
197093.0,299.0,49.241,16.559167,7
197614.0,299.0,49.241,16.559167,7
198146.0,299.0,49.241,16.559167,7
198668.0,299.0,49.241,16.559167,7
199176.0,299.0,49.241,16.559167,7
199687.0,299.0,49.241,16.559167,7
200188.0,299.0,49.241,16.559167,7
200699.0,299.0,49.241,16.55,7
201218.0,299.0,49.241,16.55,7
201729.0,299.0,49.241,16.559167,7
202240.0,299.0,49.241,16.559167,7
202751.0,299.0,49.241,16.559167,7
203260.0,299.0,49.241,16.559167,7
203769.0,299.0,49.241,16.559167,7
204271.0,299.0,49.241,16.559167,7
204780.0,299.0,49.241,0.0,7
205280.0,299.0,49.241,0.0,7
205790.0,299.0,49.241,16.559167,7
206300.0,299.0,49.241,16.559167,7
206830.0,299.0,49.241,16.559167,7
207343.0,299.0,49.241,16.559167,7
207855.0,299.0,49.241,16.559167,7
208369.0,299.0,49.241,16.559167,7
208878.0,299.0,49.241,16.559167,7
209388.0,299.0,49.241,16.559167,7
209904.0,299.0,49.241,16.559167,7
210424.0,299.0,49.241,16.559167,7
210934.0,299.0,49.241,16.559167,7
211451.0,299.0,49.241,16.559167,7
211962.0,299.0,49.241,16.559167,7
212482.0,299.0,49.241,16.559167,7
212993.0,299.0,49.241,16.559167,7
213500.0,299.0,49.241,16.559167,7
214008.0,299.0,49.241,0.266667,7
214520.0,299.0,49.241,16.559167,7
215029.0,299.0,49.241,16.559167,7
215540.0,299.0,49.241,16.559167,7
216055.0,299.0,49.241,16.559167,7
216565.0,299.0,49.241,16.559167,7
217077.0,299.0,49.241,16.559167,7
217601.0,299.0,49.241,16.559167,7
218112.0,299.0,49.241,16.559167,7
218624.0,299.0,49.241,16.559167,7
219125.0,299.0,49.241,16.559167,7
219642.0,299.0,49.241,16.559167,7
220150.0,299.0,49.241,0.266667,7
220656.0,299.0,49.241,16.559167,7
221167.0,299.0,49.241,16.559167,7
221675.0,299.0,49.241,16.559167,7
222186.0,299.0,49.241,16.559167,7
222717.0,299.0,49.241,16.559167,7
223227.0,299.0,49.241,16.559167,7
223738.0,299.0,49.241,16.559167,7
224249.0,300.0,49.241,16.559167,7
224759.0,299.0,49.241,16.559167,7
225270.0,300.0,49.241,2.05,7
225778.0,299.0,49.241,16.559167,7
226296.0,299.0,49.241,16.559167,7
226803.0,299.0,49.241,16.559167,7
227312.0,300.0,49.241,0.0,7
227823.0,300.0,49.241,16.559167,7
228332.0,300.0,49.241,16.559167,7
228843.0,299.0,49.241,16.559167,7
229351.0,300.0,49.241,16.559167,7
229860.0,300.0,49.241,16.559167,7
230370.0,300.0,49.241,2.05,7
230881.0,300.0,49.241,2.05,7
231401.0,300.0,49.241,16.559167,7
231912.0,300.0,49.241,16.559167,7
232424.0,300.0,49.241,16.559167,7
232940.0,300.0,49.241,16.559167,7
233450.0,300.0,49.241,16.559167,7
233958.0,300.0,49.241,16.559167,7
234467.0,300.0,49.241,16.55,7
234987.0,300.0,49.241,16.55,7
235499.0,300.0,49.241,16.559167,7
236013.0,300.0,49.241,16.559167,7
236525.0,300.0,49.241,0.0,7
