{
"lengthUnit": "mil",
"components": {
	"fields": ["COMPONENT_NO", "COMPONENT_NAME", "LAYER", "X_COORDINATE", "Y_COORDINATE", "ANGLE"],
	"rows": [
		[1, "C1", "T", 145, 440, 0],
		[2, "C2", "T", 111.5, 701.2, 270],
		[3, "CN1", "T", -208.7, -225, 180],
		[4, "CN2", "T", -208.7, -467.1, 180],
		[5, "CN3", "T", -283.1, -711.95, 0],
		[6, "CN5", "B", 5, 385.27, 0],
		[7, "CN6", "T", 100, -225, 180],
		[8, "CN10", "T", 174.3, -711.95, 0],
		[9, "CN11", "T", 100, -467.1, 180],
		[10, "CN12", "T", -54.4, -710, 0],
		[11, "LED1", "T", 0, 709, 180],
		[12, "Q1", "T", 5, 330, 180],
		[13, "R4", "T", -100, 330, 90],
		[14, "R5", "T", 145, 290, 180],
		[15, "R6", "T", 145, 363, 0],
		[16, "R7", "T", -136.6, 726.2, 180],
		[17, "U2", "B", 0, -92.73, 180],
		[18, "U4", "T", 0, 362.27, 0],
		[19, "VR1", "B", 0, -192.23, 90],
		[20, "VR2", "B", 0, -675.33, 90]
	]
},
"pins": {
	"fields": ["PIN_NO", "PIN_NAME", "PIN_X", "PIN_Y", "LAYER", "PIN_TYPE", "NET_NAME", "NET_TYPE", "PAD_SHAPE", "PAD_SIZEX", "PAD_SIZEY", "HOLE_SIZE", "PAD_ANGLE"],
	"rows": [
		[1, "C1_1", 117.44, 440, "T", "SMD", "GND", "GND", "R", 31.5, 35.43, 0, 0],
		[2, "C1_2", 172.56, 440, "T", "SMD", "BAT_STATUS", "", "R", 31.5, 35.43, 0, 0],
		[3, "C2_1", 111.5, 728.76, "T", "SMD", "GND", "GND", "R", 31.5, 35.43, 0, 270],
		[4, "C2_2", 111.5, 673.64, "T", "SMD", "5VM", "", "R", 31.5, 35.43, 0, 270],
		[5, "CN1_0", -98.46, -274.71, "T", "SMD", "CN1_0", "", "R", 47.24, 70.87, 0, 180],
		[6, "CN1_0", -318.93, -274.7, "T", "SMD", "CN1_A_0", "", "R", 47.24, 70.87, 0, 180],
		[7, "CN1_1", -149.64, -175.3, "T", "SMD", "GND", "GND", "R", 23.62, 61.02, 0, 180],
		[8, "CN1_2", -189.01, -175.29, "T", "SMD", "3V3", "", "R", 23.62, 61.02, 0, 180],
		[9, "CN1_3", -228.38, -175.29, "T", "SMD", "I2C_SDA", "", "R", 23.62, 61.02, 0, 180],
		[10, "CN1_4", -267.75, -175.29, "T", "SMD", "I2C_SCL", "", "R", 23.62, 61.02, 0, 180],
		[11, "CN2_0", -98.46, -516.81, "T", "SMD", "CN2_0", "", "R", 47.24, 70.87, 0, 180],
		[12, "CN2_0", -318.93, -516.8, "T", "SMD", "CN2_A_0", "", "R", 47.24, 70.87, 0, 180],
		[13, "CN2_1", -149.64, -417.39, "T", "SMD", "GND", "GND", "R", 23.62, 61.02, 0, 180],
		[14, "CN2_2", -189.01, -417.39, "T", "SMD", "3V3", "", "R", 23.62, 61.02, 0, 180],
		[15, "CN2_3", -228.38, -417.39, "T", "SMD", "I2C_SDA", "", "R", 23.62, 61.02, 0, 180],
		[16, "CN2_4", -267.75, -417.39, "T", "SMD", "I2C_SCL", "", "R", 23.62, 61.02, 0, 180],
		[17, "CN3_1", -263.34, -662.74, "T", "SMD", "ARM+", "", "R", 23.62, 61.02, 0, 0],
		[18, "CN3_2", -302.71, -662.74, "T", "SMD", "GND", "GND", "R", 23.62, 61.02, 0, 0],
		[19, "CN3_3", -212.24, -761.16, "T", "SMD", "CN3_3", "", "R", 47.24, 70.87, 0, 0],
		[20, "CN3_4", -353.97, -761.16, "T", "SMD", "CN3_4", "", "R", 47.24, 70.87, 0, 0],
		[21, "CN5_1", -93.42, 188.42, "T", "DIP", "GND", "GND", "C", 98.42, 98.42, 70.87, 0],
		[22, "CN5_1", -93.42, 188.42, "B", "DIP", "GND", "GND", "C", 98.42, 98.42, 70.87, 0],
		[23, "CN5_2", 103.42, 188.42, "T", "DIP", "7V4", "", "C", 98.42, 98.42, 70.87, 0],
		[24, "CN5_2", 103.42, 188.42, "B", "DIP", "7V4", "", "C", 98.42, 98.42, 70.87, 0],
		[25, "CN5_3", 221.53, 582.12, "T", "DIP", "CN5_3", "", "C", 70.87, 70.87, 43.31, 0],
		[26, "CN5_3", 221.53, 582.12, "B", "DIP", "CN5_3", "", "C", 70.87, 70.87, 43.31, 0],
		[27, "CN5_4", -211.54, 582.12, "T", "DIP", "CN5_4", "", "C", 70.87, 70.87, 43.31, 0],
		[28, "CN5_4", -211.54, 582.12, "B", "DIP", "CN5_4", "", "C", 70.87, 70.87, 43.31, 0],
		[29, "CN6_0", 210.23, -274.71, "T", "SMD", "CN6_0", "", "R", 47.24, 70.87, 0, 180],
		[30, "CN6_0", -10.24, -274.7, "T", "SMD", "CN6_A_0", "", "R", 47.24, 70.87, 0, 180],
		[31, "CN6_1", 159.06, -175.3, "T", "SMD", "SCK_SD", "", "R", 23.62, 61.02, 0, 180],
		[32, "CN6_2", 119.69, -175.29, "T", "SMD", "MISO_SD", "", "R", 23.62, 61.02, 0, 180],
		[33, "CN6_3", 80.32, -175.29, "T", "SMD", "MOSI_SD", "", "R", 23.62, 61.02, 0, 180],
		[34, "CN6_4", 40.95, -175.29, "T", "SMD", "CS_SD", "", "R", 23.62, 61.02, 0, 180],
		[35, "CN10_1", 194.06, -662.74, "T", "SMD", "7V4", "", "R", 23.62, 61.02, 0, 0],
		[36, "CN10_2", 154.69, -662.74, "T", "SMD", "$1N5742", "", "R", 23.62, 61.02, 0, 0],
		[37, "CN10_3", 245.17, -761.16, "T", "SMD", "CN10_3", "", "R", 47.24, 70.87, 0, 0],
		[38, "CN10_4", 103.44, -761.16, "T", "SMD", "CN10_4", "", "R", 47.24, 70.87, 0, 0],
		[39, "CN11_0", 210.23, -516.81, "T", "SMD", "CN11_0", "", "R", 47.24, 70.87, 0, 180],
		[40, "CN11_0", -10.24, -516.8, "T", "SMD", "CN11_A_0", "", "R", 47.24, 70.87, 0, 180],
		[41, "CN11_1", 159.06, -417.39, "T", "SMD", "BAT_STATUS", "", "R", 23.62, 61.02, 0, 180],
		[42, "CN11_2", 119.69, -417.39, "T", "SMD", "BUZZ_EN", "", "R", 23.62, 61.02, 0, 180],
		[43, "CN11_3", 80.32, -417.39, "T", "SMD", "RGB", "", "R", 23.62, 61.02, 0, 180],
		[44, "CN11_4", 40.95, -417.39, "T", "SMD", "ARM+", "", "R", 23.62, 61.02, 0, 180],
		[45, "CN12_1", -15.02, -658.82, "T", "SMD", "GND", "GND", "R", 23.62, 59.05, 0, 0],
		[46, "CN12_2", -54.4, -658.82, "T", "SMD", "5VM", "", "R", 23.62, 59.05, 0, 0],
		[47, "CN12_3", -93.77, -658.82, "T", "SMD", "SERVO-PWM", "", "R", 23.62, 59.05, 0, 0],
		[48, "CN12_4", -144.95, -761.17, "T", "SMD", "CN12_4", "", "R", 47.24, 70.87, 0, 0],
		[49, "CN12_5", 36.16, -761.18, "T", "SMD", "CN12_5", "", "R", 47.24, 70.87, 0, 0],
		[50, "LED1_1", 36.02, 687.35, "T", "SMD", "LED1_1", "", "R", 35.43, 27.56, 0, 180],
		[51, "LED1_2", 36.03, 730.65, "T", "SMD", "GND", "GND", "R", 35.43, 27.56, 0, 180],
		[52, "LED1_3", -36.02, 730.65, "T", "SMD", "$1N11221", "", "R", 35.43, 27.56, 0, 180],
		[53, "LED1_4", -36.03, 687.35, "T", "SMD", "5VM", "", "R", 35.43, 27.56, 0, 180],
		[54, "Q1_1", -34.37, 367.4, "T", "SMD", "$1N5609", "", "R", 49.21, 27.56, 0, 180],
		[55, "Q1_2", -34.37, 292.6, "T", "SMD", "GND", "GND", "R", 49.21, 27.56, 0, 180],
		[56, "Q1_3", 44.37, 330, "T", "SMD", "$1N5742", "", "R", 49.21, 27.56, 0, 180],
		[57, "R4_1", -100, 300.34, "T", "SMD", "BUZZ_EN", "", "R", 31.75, 34.02, 0, 90],
		[58, "R4_2", -100, 359.66, "T", "SMD", "$1N5609", "", "R", 31.75, 34.02, 0, 90],
		[59, "R5_1", 174.66, 290, "T", "SMD", "BAT_STATUS", "", "R", 31.75, 34.02, 0, 180],
		[60, "R5_2", 115.34, 290, "T", "SMD", "7V4", "", "R", 31.75, 34.02, 0, 180],
		[61, "R6_1", 115.34, 363, "T", "SMD", "GND", "GND", "R", 31.75, 34.02, 0, 0],
		[62, "R6_2", 174.66, 363, "T", "SMD", "BAT_STATUS", "", "R", 31.75, 34.02, 0, 0],
		[63, "R7_1", -106.94, 726.2, "T", "SMD", "$1N11221", "", "R", 31.75, 34.02, 0, 180],
		[64, "R7_2", -166.26, 726.2, "T", "SMD", "RGB", "", "R", 31.75, 34.02, 0, 180],
		[65, "U2_1", 450, 657.62, "T", "DIP", "GND", "GND", "C", 62, 62, 35, 180],
		[66, "U2_1", 450, 657.62, "B", "DIP", "GND", "GND", "C", 62, 62, 35, 180],
		[67, "U2_2", 450, 557.62, "T", "DIP", "U2_2", "", "C", 62, 62, 35, 180],
		[68, "U2_2", 450, 557.62, "B", "DIP", "U2_2", "", "C", 62, 62, 35, 180],
		[69, "U2_3", 450, 457.62, "T", "DIP", "U2_3", "", "C", 62, 62, 35, 180],
		[70, "U2_3", 450, 457.62, "B", "DIP", "U2_3", "", "C", 62, 62, 35, 180],
		[71, "U2_4", 450, 357.62, "T", "DIP", "U2_4", "", "C", 62, 62, 35, 180],
		[72, "U2_4", 450, 357.62, "B", "DIP", "U2_4", "", "C", 62, 62, 35, 180],
		[73, "U2_5", 450, 257.62, "T", "DIP", "U2_5", "", "C", 62, 62, 35, 180],
		[74, "U2_5", 450, 257.62, "B", "DIP", "U2_5", "", "C", 62, 62, 35, 180],
		[75, "U2_6", 450, 157.62, "T", "DIP", "U2_6", "", "C", 62, 62, 35, 180],
		[76, "U2_6", 450, 157.62, "B", "DIP", "U2_6", "", "C", 62, 62, 35, 180],
		[77, "U2_7", 450, 57.62, "T", "DIP", "U2_7", "", "C", 62, 62, 35, 180],
		[78, "U2_7", 450, 57.62, "B", "DIP", "U2_7", "", "C", 62, 62, 35, 180],
		[79, "U2_8", 450, -42.38, "T", "DIP", "U2_8", "", "C", 62, 62, 35, 180],
		[80, "U2_8", 450, -42.38, "B", "DIP", "U2_8", "", "C", 62, 62, 35, 180],
		[81, "U2_9", 450, -142.38, "T", "DIP", "U2_9", "", "C", 62, 62, 35, 180],
		[82, "U2_9", 450, -142.38, "B", "DIP", "U2_9", "", "C", 62, 62, 35, 180],
		[83, "U2_10", 450, -242.38, "T", "DIP", "U2_10", "", "C", 62, 62, 35, 180],
		[84, "U2_10", 450, -242.38, "B", "DIP", "U2_10", "", "C", 62, 62, 35, 180],
		[85, "U2_11", 450, -342.38, "T", "DIP", "U2_11", "", "C", 62, 62, 35, 180],
		[86, "U2_11", 450, -342.38, "B", "DIP", "U2_11", "", "C", 62, 62, 35, 180],
		[87, "U2_12", 450, -442.38, "T", "DIP", "U2_12", "", "C", 62, 62, 35, 180],
		[88, "U2_12", 450, -442.38, "B", "DIP", "U2_12", "", "C", 62, 62, 35, 180],
		[89, "U2_13", 450, -542.38, "T", "DIP", "U2_13", "", "C", 62, 62, 35, 180],
		[90, "U2_13", 450, -542.38, "B", "DIP", "U2_13", "", "C", 62, 62, 35, 180],
		[91, "U2_14", 450, -643.08, "T", "DIP", "U2_14", "", "C", 62, 62, 35, 180],
		[92, "U2_14", 450, -643.08, "B", "DIP", "U2_14", "", "C", 62, 62, 35, 180],
		[93, "U2_15", 450, -743.08, "T", "DIP", "U2_15", "", "C", 62, 62, 35, 180],
		[94, "U2_15", 450, -743.08, "B", "DIP", "U2_15", "", "C", 62, 62, 35, 180],
		[95, "U2_16", 450, -843.08, "T", "DIP", "U2_16", "", "C", 62, 62, 35, 180],
		[96, "U2_16", 450, -843.08, "B", "DIP", "U2_16", "", "C", 62, 62, 35, 180],
		[97, "U2_17", -450, -843.08, "T", "DIP", "GND", "GND", "C", 62, 62, 35, 180],
		[98, "U2_17", -450, -843.08, "B", "DIP", "GND", "GND", "C", 62, 62, 35, 180],
		[99, "U2_18", -450, -743.08, "T", "DIP", "5VA", "", "C", 62, 62, 35, 180],
		[100, "U2_18", -450, -743.08, "B", "DIP", "5VA", "", "C", 62, 62, 35, 180],
		[101, "U2_19", -450, -643.08, "T", "DIP", "U2_19", "", "C", 62, 62, 35, 180],
		[102, "U2_19", -450, -643.08, "B", "DIP", "U2_19", "", "C", 62, 62, 35, 180],
		[103, "U2_20", -450, -543.08, "T", "DIP", "U2_20", "", "C", 62, 62, 35, 180],
		[104, "U2_20", -450, -543.08, "B", "DIP", "U2_20", "", "C", 62, 62, 35, 180],
		[105, "U2_21", -450, -443.08, "T", "DIP", "U2_21", "", "C", 62, 62, 35, 180],
		[106, "U2_21", -450, -443.08, "B", "DIP", "U2_21", "", "C", 62, 62, 35, 180],
		[107, "U2_22", -450, -343.08, "T", "DIP", "U2_22", "", "C", 62, 62, 35, 180],
		[108, "U2_22", -450, -343.08, "B", "DIP", "U2_22", "", "C", 62, 62, 35, 180],
		[109, "U2_25", -450, -43.08, "T", "DIP", "U2_25", "", "C", 62, 62, 35, 180],
		[110, "U2_25", -450, -43.08, "B", "DIP", "U2_25", "", "C", 62, 62, 35, 180],
		[111, "U2_26", -450, 56.92, "T", "DIP", "U2_26", "", "C", 62, 62, 35, 180],
		[112, "U2_26", -450, 56.92, "B", "DIP", "U2_26", "", "C", 62, 62, 35, 180],
		[113, "U2_27", -450, 156.92, "T", "DIP", "GPS_TX", "", "C", 62, 62, 35, 180],
		[114, "U2_27", -450, 156.92, "B", "DIP", "GPS_TX", "", "C", 62, 62, 35, 180],
		[115, "U2_28", -450, 256.92, "T", "DIP", "U2_28", "", "C", 62, 62, 35, 180],
		[116, "U2_28", -450, 256.92, "B", "DIP", "U2_28", "", "C", 62, 62, 35, 180],
		[117, "U2_29", -450, 356.92, "T", "DIP", "U2_29", "", "C", 62, 62, 35, 180],
		[118, "U2_29", -450, 356.92, "B", "DIP", "U2_29", "", "C", 62, 62, 35, 180],
		[119, "U2_30", -450, 456.92, "T", "DIP", "U2_30", "", "C", 62, 62, 35, 180],
		[120, "U2_30", -450, 456.92, "B", "DIP", "U2_30", "", "C", 62, 62, 35, 180],
		[121, "U2_31", -450, 556.92, "T", "DIP", "AT_RX", "", "C", 62, 62, 35, 180],
		[122, "U2_31", -450, 556.92, "B", "DIP", "AT_RX", "", "C", 62, 62, 35, 180],
		[123, "U2_32", -450, 656.92, "T", "DIP", "AT_TX", "", "C", 62, 62, 35, 180],
		[124, "U2_32", -450, 656.92, "B", "DIP", "AT_TX", "", "C", 62, 62, 35, 180],
		[125, "U4_1", -295.25, 637.83, "T", "DIP", "GPS_TX", "", "C", 60, 60, 35, 180],
		[126, "U4_1", -295.25, 637.83, "B", "DIP", "GPS_TX", "", "C", 60, 60, 35, 180],
		[127, "U4_2", -295.25, 537.83, "T", "DIP", "A9G-EN", "", "C", 60, 60, 35, 180],
		[128, "U4_2", -295.25, 537.83, "B", "DIP", "A9G-EN", "", "C", 60, 60, 35, 180],
		[129, "U4_3", -295.25, 437.83, "T", "DIP", "SERVO-PWM", "", "C", 60, 60, 35, 180],
		[130, "U4_3", -295.25, 437.83, "B", "DIP", "SERVO-PWM", "", "C", 60, 60, 35, 180],
		[131, "U4_4", -295.25, 337.83, "T", "DIP", "CS_SD", "", "C", 60, 60, 35, 180],
		[132, "U4_4", -295.25, 337.83, "B", "DIP", "CS_SD", "", "C", 60, 60, 35, 180],
		[133, "U4_5", -295.25, 237.83, "T", "DIP", "I2C_SDA", "", "C", 60, 60, 35, 180],
		[134, "U4_5", -295.25, 237.83, "B", "DIP", "I2C_SDA", "", "C", 60, 60, 35, 180],
		[135, "U4_6", -295.25, 137.83, "T", "DIP", "I2C_SCL", "", "C", 60, 60, 35, 180],
		[136, "U4_6", -295.25, 137.83, "B", "DIP", "I2C_SCL", "", "C", 60, 60, 35, 180],
		[137, "U4_7", -295.25, 37.83, "T", "DIP", "AT_RX", "", "C", 60, 60, 35, 180],
		[138, "U4_7", -295.25, 37.83, "B", "DIP", "AT_RX", "", "C", 60, 60, 35, 180],
		[139, "U4_8", 304.75, 37.83, "T", "DIP", "AT_TX", "", "C", 60, 60, 35, 0],
		[140, "U4_8", 304.75, 37.83, "B", "DIP", "AT_TX", "", "C", 60, 60, 35, 0],
		[141, "U4_9", 304.75, 137.83, "T", "DIP", "SCK_SD", "", "C", 60, 60, 35, 0],
		[142, "U4_9", 304.75, 137.83, "B", "DIP", "SCK_SD", "", "C", 60, 60, 35, 0],
		[143, "U4_10", 304.75, 237.83, "T", "DIP", "MISO_SD", "", "C", 60, 60, 35, 0],
		[144, "U4_10", 304.75, 237.83, "B", "DIP", "MISO_SD", "", "C", 60, 60, 35, 0],
		[145, "U4_11", 304.75, 337.83, "T", "DIP", "MOSI_SD", "", "C", 60, 60, 35, 0],
		[146, "U4_11", 304.75, 337.83, "B", "DIP", "MOSI_SD", "", "C", 60, 60, 35, 0],
		[147, "U4_12", 304.75, 437.83, "T", "DIP", "3V3", "", "C", 60, 60, 35, 0],
		[148, "U4_12", 304.75, 437.83, "B", "DIP", "3V3", "", "C", 60, 60, 35, 0],
		[149, "U4_13", 304.75, 537.83, "T", "DIP", "GND", "GND", "C", 60, 60, 35, 0],
		[150, "U4_13", 304.75, 537.83, "B", "DIP", "GND", "GND", "C", 60, 60, 35, 0],
		[151, "U4_14", 304.75, 637.83, "T", "DIP", "5VM", "", "C", 60, 60, 35, 0],
		[152, "U4_14", 304.75, 637.83, "B", "DIP", "5VM", "", "C", 60, 60, 35, 0],
		[153, "VR1_1", 341.3, -342.29, "T", "DIP", "5VM", "", "C", 62, 62, 35, 90],
		[154, "VR1_1", 341.3, -342.29, "B", "DIP", "5VM", "", "C", 62, 62, 35, 90],
		[155, "VR1_2", 341.3, -242.29, "T", "DIP", "GND", "GND", "C", 62, 62, 35, 90],
		[156, "VR1_2", 341.3, -242.29, "B", "DIP", "GND", "GND", "C", 62, 62, 35, 90],
		[157, "VR1_3", 341.3, -142.29, "T", "DIP", "7V4", "", "C", 62, 62, 35, 90],
		[158, "VR1_3", 341.3, -142.29, "B", "DIP", "7V4", "", "C", 62, 62, 35, 90],
		[159, "VR1_4", 341.3, -42.29, "T", "DIP", "VR1_4", "", "C", 62, 62, 35, 90],
		[160, "VR1_4", 341.3, -42.29, "B", "DIP", "VR1_4", "", "C", 62, 62, 35, 90],
		[161, "VR2_1", 341.3, -825.39, "T", "DIP", "5VA", "", "C", 62, 62, 35, 90],
		[162, "VR2_1", 341.3, -825.39, "B", "DIP", "5VA", "", "C", 62, 62, 35, 90],
		[163, "VR2_2", 341.3, -725.39, "T", "DIP", "GND", "GND", "C", 62, 62, 35, 90],
		[164, "VR2_2", 341.3, -725.39, "B", "DIP", "GND", "GND", "C", 62, 62, 35, 90],
		[165, "VR2_3", 341.3, -625.39, "T", "DIP", "7V4", "", "C", 62, 62, 35, 90],
		[166, "VR2_3", 341.3, -625.39, "B", "DIP", "7V4", "", "C", 62, 62, 35, 90],
		[167, "VR2_4", 341.3, -525.39, "T", "DIP", "A9G-EN", "", "C", 62, 62, 35, 90],
		[168, "VR2_4", 341.3, -525.39, "B", "DIP", "A9G-EN", "", "C", 62, 62, 35, 90]
	]
}
}